idea_id,topic,angle,hook_seed,cta_seed
1,Dashboard Sprawl,Most dashboards are unused because ownership is unclear,"If everyone owns the dashboard, no one owns the decision.","How many dashboards would your team shut down this month?"
2,BI Adoption,Adoption beats aesthetics,"The prettiest dashboard is worthless if sales never opens it.","What’s your weekly active user target for BI?"
3,Single Source of Truth,Truth is governance not tooling,"A tool doesn’t create one source of truth. Operating rules do.","Where does your source-of-truth break today?"
4,Data Quality,Trust debt is revenue debt,"Every broken KPI is a tax on every decision.","Which KPI is least trusted in your org?"
5,North Star Metrics,Too many KPIs blur accountability,"If everything is a KPI, nothing is.","What are your top 3 metrics this quarter?"
6,Self-Serve Analytics,Self-serve without guardrails creates chaos,"Self-serve BI without semantic governance is spreadsheet 2.0.","What guardrail saved you from bad analysis recently?"
7,RevOps + Analytics,Revenue teams need decision latency reduction,"Your RevOps bottleneck is often analysis cycle time.","How long from question to decision at your company?"
8,AI for BI,AI copilots need metric context,"AI won’t fix bad metric definitions—it scales confusion faster.","What context does your AI assistant still miss?"
9,Experimentation,Causal clarity over vanity uplift,"A/B tests fail when business logic is undefined.","What experiment metric do you now distrust?"
10,Attribution,Attribution is a decision model not a fact table,"Attribution arguments are usually governance arguments.","Which attribution choice changed budget allocation most?"
11,Data Contracts,Contracts reduce silent breakage,"Pipelines rarely fail loudly. They fail expensively.","Do your producers own data SLAs today?"
12,Semantic Layer,Shared business language is leverage,"Semantic layers are where analytics teams become strategic.","Which business term is still disputed in your org?"
13,Executive Reporting,Board packs should drive decisions not theater,"Executive reporting should answer: what changed and what we do now.","What’s one slide you’d delete from your board deck?"
14,Forecasting,Forecasting quality is process quality,"Most forecast misses are process misses, not model misses.","What input most improved your forecast accuracy?"
15,Data Team Design,Embedded + centralized hybrid model,"Pure centralization slows context. Pure embed kills standards.","How is your analytics org structured and why?"
16,BI Cost Control,Usage-based cost discipline,"Unowned queries are the hidden P&L leak in modern data stacks.","Do you track cost per insight delivered?"
17,Real-time Analytics,Real-time is overused as a requirement,"If the decision is weekly, real-time data is theater.","Which use case truly needs real-time for you?"
18,Stakeholder Management,Great analytics teams product-manage demand,"Analytics backlogs fail when intake has no product owner.","What’s your intake rule for ad-hoc asks?"
19,Data Storytelling,Narrative structure drives action,"A chart is not a story until it changes a decision.","What story format gets fastest exec action in your org?"
20,Career/Leadership,Analytics leaders must own business outcomes,"Your title is analytics, your job is business impact.","What changed when your team started owning outcomes?"
